batch_size,lr,width,width_y,depth,NLL,MMD,time,iter
128.0,0.01,128.0,128.0,3.0,919.5960083007812,0.32845326503771144,11287.944408416748,356.0
