,time/vldstep,valid_loss_p
0,177.33967328071594,-80.04365954589844
1,176.29352569580078,-94.19011651611328
2,175.676433801651,-99.93763305664062
3,174.82258582115173,-104.03572106933593
4,175.73695421218872,-106.88454669189453
5,155.43713569641113,-109.34982916259766
6,156.7768919467926,-110.67331518554687
7,155.29829454421997,-109.20396893310547
