batch_size,lr,width,width_y,depth,NLL,MMD,time,iter
32.0,0.001,128.0,128.0,4.0,3630.974853515625,0.8237894386255131,26669.54243040085,1411.0
