batch_size,lr,width,width_y,depth,NLL,MMD,time,iter
64.0,0.01,64.0,64.0,4.0,954.4260864257812,0.46630492278295366,14560.538509368896,706.0
