batch_size,lr,width,width_y,depth,NLL,MMD,time,iter
64.0,0.001,64.0,64.0,6.0,1864.311279296875,0.7460387205166742,915.5103797912598,706.0
32.0,0.001,128.0,128.0,6.0,479.0144348144531,0.6025402522736887,23172.47907924652,1411.0
