batch_size,lr,width,width_y,depth,NLL,MMD,time,iter
32.0,0.001,256.0,256.0,4.0,2329.70751953125,0.1153805716838854,34576.248646736145,1411.0
