batch_size,lr,width,width_y,depth,NLL,MMD,time,iter
32.0,0.001,128.0,128.0,4.0,11327.9013671875,0.24033274992666995,21469.09048318863,1411.0
