batch_size,lr,width,width_y,depth,NLL,MMD,time,iter
64.0,0.001,512.0,512.0,6.0,1213.760986328125,0.2695422516146437,196.36787295341492,706.0
32.0,0.001,128.0,128.0,6.0,3012.740966796875,0.24051169771729577,15643.488627433777,1411.0
