batch_size,lr,width,width_y,depth,NLL,MMD,time,iter
64.0,0.01,256.0,256.0,6.0,1631.134033203125,0.09557756064140642,32027.782767534256,706.0
